name,pdf_url,state
"Shri A.K.M
                                            Ashraf",http://www.niyamasabha.org/codes/15kla/Members%20profile%20mal/Ashraf%20A%20K%20M.pdf,Kerala
"Shri 
                                              N. A. Nellikkunnu",http://www.niyamasabha.org/codes/15kla/Members%20profile%20mal/nellikkunnu%20na.pdf,Kerala
"Shri  C.H.
                                              Kunhambu",http://www.niyamasabha.org/codes/15kla/Members%20profile%20mal/Kunhambu%20C%20H.pdf,Kerala
"Shri 
                                              E. Chandrasekharan",http://www.niyamasabha.org/codes/15kla/Members%20profile%20mal/Chandrasekharan%20E.pdf,Kerala
"Shri 
                                              M. Rajagopalan",http://www.niyamasabha.org/codes/15kla/Members%20profile%20mal/rajagopalan%20m.pdf,Kerala
"Shri 
                                        T.I. Madhusoodanan",http://www.niyamasabha.org/codes/15kla/Members%20profile%20mal/Madhusoodhanan%20T%20I.pdf,Kerala
"Shri  M.
                                              Vijin",http://www.niyamasabha.org/codes/15kla/Members%20profile%20mal/vijin%20m.pdf,Kerala
"Shri
                                        M.V. Govindan Master",http://www.niyamasabha.org/codes/15kla/Members%20profile%20mal/Govindan%20Master%20M%20V.pdf,Kerala
"Shri
                                              Sajeev Joseph",http://www.niyamasabha.org/codes/15kla/Members%20profile%20mal/sajeev%20joseph.pdf,Kerala
"Shri
                                        K.V. Sumesh",http://www.niyamasabha.org/codes/15kla/Members%20profile%20mal/sumesh%20kv.pdf,Kerala
Shri  Ramachandran Kadannappalli,http://www.niyamasabha.org/codes/15kla/Members%20profile%20mal/ramachandran%20kadannappilly.pdf,Kerala
Shri  Pinarayi Vijayan,http://www.niyamasabha.org/codes/15kla/Members%20profile%20mal/pinarayi%20vijayan.pdf,Kerala
"Shri 
                                              A. N. Shamseer",http://www.niyamasabha.org/codes/15kla/Members%20profile%20mal/shamseer%20an.pdf,Kerala
"Shri 
                                        K.P. Mohanan",http://www.niyamasabha.org/codes/15kla/Members%20profile%20mal/mohanan%20kp.pdf,Kerala
"Smt.
                                              K.K. Shailaja Teacher",http://www.niyamasabha.org/codes/15kla/Members%20profile%20mal/shailaja%20teacher%20kk.pdf,Kerala
"Shri
                                              Sunny Joseph",http://www.niyamasabha.org/codes/15kla/Members%20profile%20mal/sunny%20joseph.pdf,Kerala
"Shri  O. R.
                                              Kelu",http://www.niyamasabha.org/codes/15kla/Members%20profile%20mal/Kelu%20O%20R.pdf,Kerala
"Shri 
                                              I. C. Balakrishnan",http://www.niyamasabha.org/codes/15kla/Members%20profile%20mal/Balakrishnan%20I%20C.pdf,Kerala
"Shri
                                              T. Siddiqu",http://www.niyamasabha.org/codes/15kla/Members%20profile%20mal/siddique%20t.pdf,Kerala
"Smt.
                                              K. K.  Rema",http://www.niyamasabha.org/codes/15kla/Members%20profile%20mal/kk%20rema.pdf,Kerala
"Shri K.P.
                                              Kunhammed Kutty Master",http://www.niyamasabha.org/codes/15kla/Members%20profile%20mal/Kunhammed%20kutty%20Master%20K%20P.pdf,Kerala
"Shri 
                                              E  K Vijayan",http://www.niyamasabha.org/codes/15kla/Members%20profile%20mal/vijayan%20ek.pdf,Kerala
"Smt. 
                                        Kanathil Jameela",http://www.niyamasabha.org/codes/15kla/Members%20profile%20mal/Kanathil%20Jameela.pdf,Kerala
"Shri 
                                              T. P. Ramakrishnan",http://www.niyamasabha.org/codes/15kla/Members%20profile%20mal/ramakrishnan%20tp.pdf,Kerala
"Shri
                                        K.M. Sachindev",http://www.niyamasabha.org/codes/15kla/Members%20profile%20mal/sachindev%20km.pdf,Kerala
"Shri
                                        A.K. Saseendran",http://www.niyamasabha.org/codes/15kla/Members%20profile%20mal/saseendran%20ak.pdf,Kerala
"Shri
                                              Thottathil Raveendran",http://www.niyamasabha.org/codes/15kla/Members%20profile%20mal/thottathil%20raveendran.pdf,Kerala
"Shri
                                        Ahammad Devarkovil",http://www.niyamasabha.org/codes/15kla/Members%20profile%20mal/Ahammed%20Devarkovil.pdf,Kerala
"Shri
                                              P.A. Mohamed Riyas",http://www.niyamasabha.org/codes/15kla/Members%20profile%20mal/muhammed%20riyap%20pp.pdf,Kerala
"Shri 
                                              P. T. A. Rahim",http://www.niyamasabha.org/codes/15kla/Members%20profile%20mal/rahim%20pta.pdf,Kerala
Dr. M. K. Muneer,http://www.niyamasabha.org/codes/15kla/Members%20profile%20mal/muneer%20mk.pdf,Kerala
"Shri 
                                        Linto Joseph",http://www.niyamasabha.org/codes/15kla/Members%20profile%20mal/Linto%20Joseph.pdf,Kerala
"Shri 
                                              T. V.  Ibrahim",http://www.niyamasabha.org/codes/15kla/Members%20profile%20mal/Ibrahim%20T%20V.pdf,Kerala
"Shri
                                              P. K. Basheer",http://www.niyamasabha.org/codes/15kla/Members%20profile%20mal/Basheer%20P%20K.pdf,Kerala
"Shri 
                                              P. V. Anvar",http://www.niyamasabha.org/codes/15kla/Members%20profile%20mal/Anvar%20P%20V.pdf,Kerala
"Shri 
                                              A. P. Anil Kumar",http://www.niyamasabha.org/codes/15kla/Members%20profile%20mal/Anilkumar%20A%20P.pdf,Kerala
"Shri
                                        U.A. Latheef",http://www.niyamasabha.org/codes/15kla/Members%20profile%20mal/Latheef%20U%20A.pdf,Kerala
"Shri 
                                        Najeeb Kanthapuram",http://www.niyamasabha.org/codes/15kla/Members%20profile%20mal/najeeb%20kanthapuram.pdf,Kerala
"Shri 
                                        Manjalamkuzhi  Ali",http://www.niyamasabha.org/codes/15kla/Members%20profile%20mal/Manjalamkuzhi%20Ali.pdf,Kerala
"Shri 
                                              P. Ubaidulla",http://www.niyamasabha.org/codes/15kla/Members%20profile%20mal/ubaidullah%20p.pdf,Kerala
"Shri  P K.
                                              Kunhalikkutty",http://www.niyamasabha.org/codes/15kla/Members%20profile%20mal/Kunhalikutty%20P%20K.pdf,Kerala
"Shri 
                                              P. Abdul Hameed",http://www.niyamasabha.org/codes/15kla/Members%20profile%20mal/Abdul%20Hameed%20P.pdf,Kerala
"Shri 
                                        K.P.A. Majeed",http://www.niyamasabha.org/codes/15kla/Members%20profile%20mal/Majeed%20K%20P%20A.pdf,Kerala
"Shri 
                                              V. Abdurahiman",http://www.niyamasabha.org/codes/15kla/Members%20profile%20mal/Abdurahiman%20V.pdf,Kerala
"Shri Kurukkoli
                                              Moideen",http://www.niyamasabha.org/codes/15kla/Members%20profile%20mal/kurukkoli%20moideen.pdf,Kerala
Prof.Abid Hussain Thangal,http://www.niyamasabha.org/codes/15kla/Members%20profile%20mal/Abid%20Hussain%20Thangal.pdf,Kerala
"DR.
                                              K. T. Jaleel",http://www.niyamasabha.org/codes/15kla/Members%20profile%20mal/Jaleel%20K%20T.pdf,Kerala
"Shri 
                                              P. Nandakumar",http://www.niyamasabha.org/codes/15kla/Members%20profile%20mal/nandakumar%20p.pdf,Kerala
"Shri M.B.
                                              Rajesh",http://www.niyamasabha.org/codes/15kla/Members%20profile%20mal/rajesh%20mb.pdf,Kerala
"Shri  Muhammed Muhassin
                                            P",http://www.niyamasabha.org/codes/15kla/Members%20profile%20mal/muhammed%20muhassin.pdf,Kerala
"Shri P.
                                        Mammikutty",http://www.niyamasabha.org/codes/15kla/Members%20profile%20mal/Mammykutti%20P.pdf,Kerala
"Shri
                                              K. Premkumar",http://www.niyamasabha.org/codes/15kla/Members%20profile%20mal/premkumar%20k.pdf,Kerala
"Smt.
                                        Santhakumari. K",http://www.niyamasabha.org/codes/15kla/Members%20profile%20mal/santhakumari%20k.pdf,Kerala
"Shri 
                                              N. Samsudheen",http://www.niyamasabha.org/codes/15kla/Members%20profile%20mal/samsudeen%20n.pdf,Kerala
"Shri 
                                              A. Prabhakaran",http://www.niyamasabha.org/codes/15kla/Members%20profile%20mal/prabhakaran%20a.pdf,Kerala
"Shri  Shafi
                                              Parambil",http://www.niyamasabha.org/codes/15kla/Members%20profile%20mal/shafi%20parambil.pdf,Kerala
"Shri 
                                              P.P. Sumod",http://www.niyamasabha.org/codes/15kla/Members%20profile%20mal/sumod%20pp.pdf,Kerala
"Shri 
                                              K. Krishnankutty",http://www.niyamasabha.org/codes/15kla/Members%20profile%20mal/Krishnankutty%20K.pdf,Kerala
"Shri 
                                              K. Babu",http://www.niyamasabha.org/codes/15kla/Members%20profile%20mal/Babu%20K-%20Nenmara.pdf,Kerala
"Shri  K. D.
                                              Prasenan",http://www.niyamasabha.org/codes/15kla/Members%20profile%20mal/prasenan%20kd.pdf,Kerala
"Shri  K
                                              Radhakrishnan",http://www.niyamasabha.org/codes/15kla/Members%20profile%20mal/Radhakrishnan%20k.pdf,Kerala
"Shri  A. C
                                              Moideen",http://www.niyamasabha.org/codes/15kla/Members%20profile%20mal/moideen%20ac.pdf,Kerala
"Shri 
                                              N. K. Akbar",http://www.niyamasabha.org/codes/15kla/Members%20profile%20mal/Akbar%20N%20K.pdf,Kerala
"Shri  Murali
                                              Perunelly",http://www.niyamasabha.org/codes/15kla/Members%20profile%20mal/murali%20perunelli.pdf,Kerala
"Shri 
                                              Xavier Chittilappilly",http://www.niyamasabha.org/codes/15kla/Members%20profile%20mal/xavier%20chittilappilly.pdf,Kerala
"Shri 
                                              K.  Rajan",http://www.niyamasabha.org/codes/15kla/Members%20profile%20mal/rajan%20k.pdf,Kerala
"Shri 
                                              P. Balachandran",http://www.niyamasabha.org/codes/15kla/Members%20profile%20mal/Balachandran%20P.pdf,Kerala
"Shri
                                              C.C. Mukundan",http://www.niyamasabha.org/codes/15kla/Members%20profile%20mal/mukundan%20cc.pdf,Kerala
"Shri 
                                              E. T. Taison Master",http://www.niyamasabha.org/codes/15kla/Members%20profile%20mal/taison%20master%20et.pdf,Kerala
DR. R. Bindu,http://www.niyamasabha.org/codes/15kla/Members%20profile%20mal/DR.%20Bindu%20R.pdf,Kerala
"Shri 
                                              K.K. Ramachandran",http://www.niyamasabha.org/codes/15kla/Members%20profile%20mal/ramachandran%20kk.pdf,Kerala
"Shri 
                                        Saneeshkumar Joseph",http://www.niyamasabha.org/codes/15kla/Members%20profile%20mal/saneesh%20kumar%20joseph.pdf,Kerala
"Shri 
                                              V. R. Sunil Kumar",http://www.niyamasabha.org/codes/15kla/Members%20profile%20mal/sunilkumar%20vr.pdf,Kerala
"Shri 
                                        Eldose P. Kunnapillil",http://www.niyamasabha.org/codes/15kla/Members%20profile%20mal/Eldose%20P%20Kunnippillil.pdf,Kerala
"Shri 
                                        Roji M. John",http://www.niyamasabha.org/codes/15kla/Members%20profile%20mal/roji%20m%20john.pdf,Kerala
"Shri  Anwar
                                              Sadath",http://www.niyamasabha.org/codes/15kla/Members%20profile%20mal/Anwar%20Sadath.pdf,Kerala
"Shri 
                                              P. Rajeeve",http://www.niyamasabha.org/codes/15kla/Members%20profile%20mal/rajeeve%20p.pdf,Kerala
"Shri 
                                              V. D. Satheesan",http://www.niyamasabha.org/codes/15kla/Members%20profile%20mal/satheesan%20vd.pdf,Kerala
"Shri 
                                        K.N. Unnikrishnan",http://www.niyamasabha.org/codes/15kla/Members%20profile%20mal/unnikrishnan%20kn.pdf,Kerala
"Shri 
                                              K. J.  Maxy",http://www.niyamasabha.org/codes/15kla/Members%20profile%20mal/Maxy%20K%20J.pdf,Kerala
"Shri 
                                              K. Babu",http://www.niyamasabha.org/codes/15kla/Members%20profile%20mal/Babu%20K-%20Tri.pdf,Kerala
Shri T J Vinod,http://www.niyamasabha.org/codes/15kla/Members%20profile%20mal/vinod%20tj.pdf,Kerala
"Shri 
                                              P. T. Thomas",http://www.niyamasabha.org/codes/15kla/Members%20profile%20mal/thomas%20pt.pdf,Kerala
"Smt.
                                        Uma Thomas",http://www.niyamasabha.org/codes/15kla/Members%20profile%20mal/uma%20thomas.pdf,Kerala
"Shri
                                              P. V. Sreenijin",http://www.niyamasabha.org/codes/15kla/Members%20profile%20mal/sreenijin%20pv.pdf,Kerala
"Shri
                                              Anoop Jacob",http://www.niyamasabha.org/codes/15kla/Members%20profile%20mal/Anoob%20Jacob.pdf,Kerala
"DR.
                                              Mathew Kuzhalnadan",http://www.niyamasabha.org/codes/15kla/Members%20profile%20mal/Mathew%20Kuzhalnadan.pdf,Kerala
"Shri 
                                        Antony John",http://www.niyamasabha.org/codes/15kla/Members%20profile%20mal/Antony%20John.pdf,Kerala
"Shri
                                              A. Raja",http://www.niyamasabha.org/codes/15kla/Members%20profile%20mal/raja%20a.pdf,Kerala
"Shri  M. M.
                                              Mani",http://www.niyamasabha.org/codes/15kla/Members%20profile%20mal/Mani%20M%20M.pdf,Kerala
"Shri 
                                              P. J. Joseph",http://www.niyamasabha.org/codes/15kla/Members%20profile%20mal/Joseph%20P%20J.pdf,Kerala
"Shri 
                                        Roshy Augustine",http://www.niyamasabha.org/codes/15kla/Members%20profile%20mal/Roshi%20Augustine.pdf,Kerala
"Shri 
                                        Vazhoor Soman",http://www.niyamasabha.org/codes/15kla/Members%20profile%20mal/vazhoor%20soman.pdf,Kerala
"Shri
                                              Mani C. Kappan",http://www.niyamasabha.org/codes/15kla/Members%20profile%20mal/Mani%20C%20Kappan.pdf,Kerala
"Shri 
                                        Mons Joseph",http://www.niyamasabha.org/codes/15kla/Members%20profile%20mal/mons%20joseph.pdf,Kerala
Smt. C. K Asha,http://www.niyamasabha.org/codes/15kla/Members%20profile%20mal/Asha%20C%20K.pdf,Kerala
"Shri 
                                        V.N. Vasavan",http://www.niyamasabha.org/codes/15kla/Members%20profile%20mal/vasavan%20vn.pdf,Kerala
"Shri 
                                        Thiruvanchoor Radhakrishnan",http://www.niyamasabha.org/codes/15kla/Members%20profile%20mal/thiruvanchoor%20radhakrishnan.pdf,Kerala
"Shri 
                                        Oommen Chandy",http://www.niyamasabha.org/codes/15kla/Members%20profile%20mal/oommen%20chandy.pdf,Kerala
"Shri
                                              Job Maichil",http://www.niyamasabha.org/codes/15kla/Members%20profile%20mal/Job%20Michael.pdf,Kerala
"DR.
                                              N. Jayaraj",http://www.niyamasabha.org/codes/15kla/Members%20profile%20mal/DR%20Jayaraj%20N.pdf,Kerala
"Shri
                                              Sebastian Kulathunkal",http://www.niyamasabha.org/codes/15kla/Members%20profile%20mal/sebastian%20kulathunkal.pdf,Kerala
Smt. Daleema,http://www.niyamasabha.org/codes/15kla/Members%20profile%20mal/Daleema.pdf,Kerala
"Shri 
                                              P. Prasad",http://www.niyamasabha.org/codes/15kla/Members%20profile%20mal/prasad%20p.pdf,Kerala
"Shri
                                              P.P. Chitharanjan",http://www.niyamasabha.org/codes/15kla/Members%20profile%20mal/Chitharanjan%20P%20P.pdf,Kerala
"Shri H.
                                              Salam",http://www.niyamasabha.org/codes/15kla/Members%20profile%20mal/salam%20h.pdf,Kerala
"Shri
                                        Thomas K Thomas",http://www.niyamasabha.org/codes/15kla/Members%20profile%20mal/thomas%20k%20thomas.pdf,Kerala
"Shri 
                                        Ramesh Chennithala",http://www.niyamasabha.org/codes/15kla/Members%20profile%20mal/ramesh%20chennithala.pdf,Kerala
"Smt.
                                            U. Prathibha",http://www.niyamasabha.org/codes/15kla/Members%20profile%20mal/prathibha%20u.pdf,Kerala
"Shri 
                                        M.S Arun Kumar",http://www.niyamasabha.org/codes/15kla/Members%20profile%20mal/Aunkumar%20M%20S.pdf,Kerala
"Shri
                                              Saji Cherian",http://www.niyamasabha.org/codes/15kla/Members%20profile%20mal/saji%20cheriyan.pdf,Kerala
"Shri 
                                              Mathew. T. Thomas",http://www.niyamasabha.org/codes/15kla/Members%20profile%20mal/Mathew%20T%20Thomas.pdf,Kerala
"Shri
                                              Pramod Narayan",http://www.niyamasabha.org/codes/15kla/Members%20profile%20mal/pramod%20narayanan.pdf,Kerala
"Smt.
                                              Veena George",http://www.niyamasabha.org/codes/15kla/Members%20profile%20mal/veena%20george.pdf,Kerala
"Shri.
                                              K U Jenish Kumar",http://www.niyamasabha.org/codes/15kla/Members%20profile%20mal/Jeneesh%20Kumar%20K%20U.pdf,Kerala
"Shri 
                                        Chittayam Gopakumar",http://www.niyamasabha.org/codes/15kla/Members%20profile%20mal/Chittayam%20Gopakumar.pdf,Kerala
"Shri  C.R.
                                              Mahesh",http://www.niyamasabha.org/codes/15kla/Members%20profile%20mal/Mahesh%20C%20R.pdf,Kerala
"DR.Sujith
                                        Vijayanpillai",http://www.niyamasabha.org/codes/15kla/Members%20profile%20mal/sujith%20vijayanpillai.pdf,Kerala
"Shri  Kovoor 
                                            Kunjumon",http://www.niyamasabha.org/codes/15kla/Members%20profile%20mal/Kovoor%20Kunjumon.pdf,Kerala
"Shri
                                        K.N. Balagopal",http://www.niyamasabha.org/codes/15kla/Members%20profile%20mal/Balagopal%20K%20N.pdf,Kerala
"Shri 
                                              K. B. Ganesh Kumar",http://www.niyamasabha.org/codes/15kla/Members%20profile%20mal/Ganeshkumar%20K%20B.pdf,Kerala
"Shri 
                                              P.S. Supal",http://www.niyamasabha.org/codes/15kla/Members%20profile%20mal/supal%20ps.pdf,Kerala
"Smt 
                                              J. Chinchurani",http://www.niyamasabha.org/codes/15kla/Members%20profile%20mal/Chinchurani%20J.pdf,Kerala
"Shri  P.C.
                                              Vishnunadh",http://www.niyamasabha.org/codes/15kla/Members%20profile%20mal/Vishnunath%20PC.pdf,Kerala
"Shri  M.
                                              Mukesh",http://www.niyamasabha.org/codes/15kla/Members%20profile%20mal/mukesh%20m.pdf,Kerala
"Shri 
                                              M.  Noushad",http://www.niyamasabha.org/codes/15kla/Members%20profile%20mal/noushad%20m.pdf,Kerala
"Shri 
                                              G. S. Jayalal",http://www.niyamasabha.org/codes/15kla/Members%20profile%20mal/Jayalal%20G%20S.pdf,Kerala
"Shri
                                              V. Joy",http://www.niyamasabha.org/codes/15kla/Members%20profile%20mal/Joy%20V.pdf,Kerala
"Smt. 
                                              O. S. Ambika",http://www.niyamasabha.org/codes/15kla/Members%20profile%20mal/Ambika%20O%20S.pdf,Kerala
"Shri 
                                              V. Sasi",http://www.niyamasabha.org/codes/15kla/Members%20profile%20mal/sasi%20v.pdf,Kerala
"Shri 
                                        G.R. Anil",http://www.niyamasabha.org/codes/15kla/Members%20profile%20mal/Anil%20G%20R.pdf,Kerala
"Shri 
                                              D. K.  Murali",http://www.niyamasabha.org/codes/15kla/Members%20profile%20mal/murali%20dk.pdf,Kerala
Shri  Kadakampally Surendran,http://www.niyamasabha.org/codes/15kla/Members%20profile%20mal/kadakampally%20surendran.pdf,Kerala
"Shri
                                              V K Prasanth",http://www.niyamasabha.org/codes/15kla/Members%20profile%20mal/prasanth%20vk.pdf,Kerala
"Shri
                                              Antony Raju",http://www.niyamasabha.org/codes/15kla/Members%20profile%20mal/Antony%20Raju.pdf,Kerala
"Shri V.
                                              Sivankutty",http://www.niyamasabha.org/codes/15kla/Members%20profile%20mal/sivankutty%20v.pdf,Kerala
"Shri
                                              G. Steephen",http://www.niyamasabha.org/codes/15kla/Members%20profile%20mal/stephen%20g.pdf,Kerala
"Shri 
                                              C. K Hareendran",http://www.niyamasabha.org/codes/15kla/Members%20profile%20mal/Hareendran%20C%20K.pdf,Kerala
"Shri 
                                              I. B Satheesh",http://www.niyamasabha.org/codes/15kla/Members%20profile%20mal/satheesh%20ib.pdf,Kerala
"Shri  M.
                                            Vincent",http://www.niyamasabha.org/codes/15kla/Members%20profile%20mal/vincent%20m.pdf,Kerala
"Shri.
                                              K. Ansalan",http://www.niyamasabha.org/codes/15kla/Members%20profile%20mal/Ansalan%20K.pdf,Kerala
